{"cameraMode":{"drawMode":0,"name":"Shaded","section":"Shading Mode"},"sceneLighting":true,"audioPlay":false,"sceneViewState":{"showFog":true,"showMaterialUpdate":false,"showSkybox":true,"showFlares":true,"showImageEffects":true,"showParticleSystems":true},"in2DMode":false,"pivot":{"x":3.151614189147949,"y":0.845029354095459,"z":3.414771556854248},"rotation":{"x":0.10129490494728089,"y":0.10129517316818237,"z":-0.010369431227445603,"w":0.9896425008773804},"size":8.257889747619629,"orthographic":false}