{"cameraMode":{"drawMode":0,"name":"Shaded","section":"Shading Mode"},"sceneLighting":true,"audioPlay":false,"sceneViewState":{"showFog":true,"showMaterialUpdate":false,"showSkybox":true,"showFlares":true,"showImageEffects":true,"showParticleSystems":true},"in2DMode":false,"pivot":{"x":-17.485563278198243,"y":4.4321184158325199,"z":-0.886041522026062},"rotation":{"x":0.01128640677779913,"y":-0.9868808388710022,"z":0.14007973670959474,"w":0.07951439172029495},"size":0.035355135798454288,"orthographic":false}